CODICE PRODOTTO,MARCA,DESCRIZIONE,UBICAZIONE,GIACENZA
0986356866,BOSCH,Kit cavi d'accensione,Location Unknown,0.0
1307.5238,FRIG,FIL.AB. OPEL MERIVA SINGLE,Location Unknown,0.0
0986479A81,BOSCH,Disco freno,Location Unknown,0.0
154.507,CEI,Manicotto scorrevole,Location Unknown,0.0
1206.42428,COSPE,PANNELLO ANGOLARE DX,Location Unknown,0.0
1328.5205,FRIG,FIL.AB. HYUNDAI TUCSON 04> SINGLE,Location Unknown,0.0
137.40153,FRIG,FIL.DIS. PEUGEOT RANCH DIESEL,Location Unknown,0.0
12011218B,CORTE,"BAOF 18,0X 24,0X 4,0 72NBR",Location Unknown,0.0
137108,INCAR,SERBATOIO OLIO SERVOST. DAILY,Location Unknown,0.0
0986444090,BEX,RESO CARCASSA,Location Unknown,0.0
126258,LEMA,OR VALV INIEZ RVI DXI7-VOLVO D7E,Location Unknown,0.0
117.440,CEI,Boccola,Location Unknown,0.0
108372,FEBI,MOLLE ANTERIORI,Location Unknown,0.0
1201249,CTR,COMPRESSORE ALFA 159,D.10.021.012,1.0
0599.2038,FRIG,VEN.AB.STD EBERSPACHER 24V,Location Unknown,0.0
0986435109,BOSCH,Iniettore,Location Unknown,0.0
13.2032,SIDAT,"Essiccatore, Climatizzatore",Location Unknown,0.0
123.290,CEI,Supporto corona Int. Z 82,Location Unknown,0.0
0986444035,BOSCH,POMPA VP BMW,Location Unknown,0.0
0460404997,BOSCH,POMPA COMPLETA VE/L450 ALFA164,Location Unknown,0.0
1397.14,LEMA,SUPP ANT MOT MAN TGL/TGM 6 CIL,Location Unknown,0.0
154.185,CEI,Manicotto scorrevole,Location Unknown,0.0
0986135173,BEX,RESO CARCASSA,Location Unknown,0.0
0986044010,BOSCH,Alternatore,Location Unknown,0.0
0445010126,BOSCH,POMPA C/RAIL BMW,Location Unknown,0.0
0092S50010,BOSCH,BATTERIA 12V 52AH 520A,Location Unknown,0.0
02.2009,ASSO,Silenziatore anteriore,Location Unknown,0.0
12.0062,ASSO,Catalizzatore,Location Unknown,0.0
12017370,LEMA,11X13.8/17.3X14.2 VA3 11-4 FPM,Location Unknown,0.0
0986474886,BOSCH,Pinza freno,Location Unknown,0.0
0711.4008,FRIG,OILC. VOLVO CONSTRUCTION,Location Unknown,0.0
0986494573,BOSCH,Guarnizione freno,Location Unknown,0.0
100844,EMMER,BOCCOLA BARRA STABILIZZATRICE,Location Unknown,0.0
0986479B88,BOSCH,Disco freno,Location Unknown,0.0
0150.3040,FRIG,RAD. MOTO GAS GAS Enduro Izq,Location Unknown,0.0
0401849172,BOSCH,POMPA PE10P110A520/5LS846,Location Unknown,0.0
0281007163,BOSCH,Sonda particolato,Location Unknown,0.0
01-36885-03,VICTO,KIT COMPLETO GUARNIZIONI,Location Unknown,0.0
0986452023,BOSCH,F/OLIO NISSAN/FORD,Location Unknown,0.0
14397,EFFEB,T.OLEOD.FG-FG90 mm1500 d.1,Location Unknown,0.0
12.7092,ASSO,Silenziatore posteriore,Location Unknown,0.0
0986474307,BOSCH,Pinza freno,Location Unknown,0.0
0804.2076,FRIG,COND. IVECO DAILY 06>,Location Unknown,0.0
0986437031,BEX,RESO CARCASSA,Location Unknown,1.0
01026691,CORTE,105X125X12 B1BAVISLRSX7 FPM,Location Unknown,0.0
0986487793,BOSCH,Ganascia del freno,Location Unknown,0.0
1.5099,SIDAT,"Compressore, Climatizzatore",Location Unknown,0.0
148230-OE,INCAR,INDICATORE DI USURA,Location Unknown,0.0
0460426395,PRG,P.I. RIG VE....L1012,Location Unknown,0.0
0265225414,BOSCH,Aggregato idraulico,Location Unknown,0.0
10A0710C,DAYCO,CINGHIE TRAPEZOIDALI COG,Location Unknown,0.0
1467010529,BOSCH,Serie parti,Location Unknown,0.0
13.2123,KRIOS,FILTRO RENAULT MAGNUM,Location Unknown,0.0
1105.96100,COSPE,CORNICE FARO INFERIORE DX,2.D2.SC01,1.0
0986473173,BEX,RESO CARCASSA,Location Unknown,0.0
0986610150,BOSCH,DISCO GONIOMETRICO,Location Unknown,0.0
1.4059,SIDAT,"Compressore, Climatizzatore",Location Unknown,0.0
0986479E53,BOSCH,Disco freno,Location Unknown,0.0
0001111003,BOSCH,Motorino di avviamento,Location Unknown,0.0
103.46142,COSPE,GRIGLIA FRONTALE INFERIORE,2.Z05,1.0
0986580215,BOSCH,Unita mont elettrop carb,Location Unknown,0.0
0431308022,BOSCH,Portapolverizzatore,Location Unknown,0.0
153830,INCAR,MOLLA GAN. FR. BPW-mm. 180,Location Unknown,0.0
0432231648,BOSCH,Portapolverizzatore equip,Location Unknown,0.0
1424611004,BOSCH,Molla di compressione,Location Unknown,0.0
0433220171,BOSCH,Polverizzatore a fori,Location Unknown,0.0
1457433646,BOSCH,Cartuccia filtro di aria,Location Unknown,0.0
0986478757,BOSCH,Disco freno,Location Unknown,0.0
13.2120,SIDAT,"Essiccatore, Climatizzatore",Location Unknown,0.0
0986081180,BEX,RESO CARCASSA,Location Unknown,0.0
0986041550,BEX,RESO CARCASSA,Location Unknown,0.0
0986479C94,BOSCH,Disco freno,Location Unknown,0.0
104260,LEMA,OR PORTAINIETTORE   GM,Location Unknown,0.0
01036913B,CORTE,"BDFUD5SFSL 130,0X 150,0X 14,0 72NBR",Location Unknown,0.0
0986135196,BOSCH,Pinza freno,Location Unknown,0.0
0261520145,BOSCH,Pompa alta pressione,Location Unknown,0.0
0986473382,BOSCH,Pinza freno,Location Unknown,0.0
0986437035,BOSCH,POMPA RIG. C/RAIL FIAT,Location Unknown,0.0
12010819B,CORTE,"BA 18,0X 35,0X 10,0 72NBR",Location Unknown,0.0
1000.60,LEMA,BOCC GOMMA CONICA PER TIRANTE,Location Unknown,0.0
0986046040,BEX,RESO CARCASSA,Location Unknown,0.0
10.9148,KRIOS,RESISTORE FIAT PALIO - SIENA -,Location Unknown,0.0
0804.2093,FRIG,COND. FIAT 500 ABARTH,Location Unknown,0.0
137.40130,FRIG,FIL.DIS. FORD SCORPIO,Location Unknown,0.0
15617,EFFEB,Serie tubi iniettori sagomati ad.,Location Unknown,0.0
1206.3003,FRIG,MASSA RAD. MERCEDES 902x807x52,Location Unknown,0.0
0986039130,BEX,RESO CARCASSA,Location Unknown,0.0
1466110678,BOSCH,Disco a camme,Location Unknown,0.0
1463458333,BOSCH,Valvola completa,Location Unknown,0.0
0258010091,BOSCH,Sonda lambda,Location Unknown,0.0
0281002243,BOSCH,ADESSO 0281002488,Location Unknown,0.0
0986481003,BOSCH,Cilindro maestro freno,Location Unknown,0.0
102218-OE,INCAR,TUBO GASOLIO,Location Unknown,0.0
150001K,INCAR,SERIE DISCHI FR. A. DAILY,Location Unknown,0.0
0986134154,BOSCH,Pinza freno,Location Unknown,0.0
1501.30100,COSPE,PLASTICA FANALE POSTERIORE DX-,S.01.021,2.0
0804.2013,FRIG,COND. FIAT PUNTO 1.9 JTD,Location Unknown,0.0
1460100730,BOSCH,Rondella di compensazione,Location Unknown,0.0
106581,INCAR,KIT RIB. CAB. CORTA EUROCARGO,Location Unknown,0.0
0232103140,BOSCH,Trasduttore di fase,Location Unknown,0.0
